Workbook

Sheet Sheet 1 - Tracker
A1: Date | B1: JSW Close | C1: JSW Value | D1: Coal Price / Exit | E1: Coal Value / Cash | F1: Eternal Close | G1: Eternal Value | I1: AUTOMATION SETTINGS
A2: 46272 | B2: 1302 | C2: =B2*152 | D2: 418.85 | E2: =D2*239 | F2: 320.8 | G2: =F2*313 | I2: JSW Ticker | J2: JSWSTEEL.NS
A3: 46273 | B3: 1297 | C3: =B3*152 | D3: 420.25 | E3: =D3*239 | F3: 321.6 | G3: =F3*313 | I3: Coal Ticker | J3: COALINDIA.NS
A4: 46274 | B4: 1310 | C4: =B4*152 | D4: 431 | E4: =D4*239 | F4: 322.6 | G4: =F4*313 | I4: Eternal Ticker | J4: ETERNAL.NS
A5: 46275 | B5: 1304 | C5: =B5*152 | D5: 432 | E5: =D5*239 | F5: 322.1 | G5: =F5*313 | I5: JSW Quantity | J5: 152
A6: 46276 | B6: 1265 | C6: =B6*152 | D6: 426.4 | E6: =D6*239 | F6: 323.5 | G6: =F6*313 | I6: Coal Quantity | J6: 239
A7: 46277 | B7: 1265 | C7: =B7*152 | D7: 426.4 | E7: =D7*239 | F7: 323.5 | G7: =F7*313 | I7: Eternal Quantity | J7: 313
A8: 46278 | B8: 1265 | C8: =B8*152 | D8: 426.4 | E8: =D8*239 | F8: 323.5 | G8: =F8*313 | I8: Price Source | J8: Yahoo Finance via yfinance
A9: 46279 | B9: 1265 | C9: =B9*152 | D9: 426.4 | E9: =D9*239 | F9: 323.5 | G9: =F9*313 | I9: Update Mode | J9: Daily / latest common NSE trading day
A10: 46280 | B10: 1229 | C10: =B10*152 | D10: 423.9 | E10: =D10*239 | F10: 315.25 | G10: =F10*313
A11: 46281 | B11: 1248.9 | C11: =B11*152 | D11: 422.25 | E11: =D11*239 | F11: 317 | G11: =F11*313 | I11: JSW Finance Source | J11: https://finance.yahoo.com/quote/JSWSTEEL.NS/
A12: 46282 | B12: 1253.3 | C12: =B12*152 | D12: 417.35 | E12: =D12*239 | F12: 322.35 | G12: =F12*313 | I12: Coal Finance Source | J12: https://finance.yahoo.com/quote/COALINDIA.NS/
A13: 46283 | B13: 1275.6 | C13: =B13*152 | D13: 409.9 | E13: =D13*239 | F13: 326.85 | G13: =F13*313 | I13: Eternal Finance Source | J13: https://finance.yahoo.com/quote/ETERNAL.NS/
A14: 46286 | B14: 1268.6 | C14: =B14*152 | D14: 414.7 | E14: =D14*239 | F14: 335.9 | G14: =F14*313
A15: 46287 | B15: 1267 | C15: =B15*152 | D15: 428 | E15: =D15*239 | F15: 342 | G15: =F15*313
A16: 46288 | B16: 1297.8 | C16: =B16*152 | D16: 424.55 | E16: =D16*239 | F16: 342.65 | G16: =F16*313
A17: 46289 | B17: 1273.2 | C17: =B17*152 | D17: 422 | E17: =D17*239 | F17: 335.5 | G17: =F17*313
A18: 46290 | B18: 1277 | C18: =B18*152 | D18: 426.1 | E18: =D18*239 | F18: 335 | G18: =F18*313
A19: 46293 | B19: 1264.1 | C19: =B19*152 | D19: 422.5 | E19: =D19*239 | F19: 330.95 | G19: =F19*313
A20: 46294 | B20: 1272.4 | C20: =B20*152 | D20: 425 | E20: =D20*239 | F20: 327.85 | G20: =F20*313
A21: 46295 | B21: 1253.4 | C21: =B21*152 | D21: 425 | E21: =D21*239 | F21: 320 | G21: =F21*313
A22: 46296 | B22: 1233 | C22: =B22*152 | D22: 420.4 | E22: =D22*239 | F22: 313.9 | G22: =F22*313
A23: 46301 | B23: 1259.6 | C23: =B23*152 | D23: 411.65 | E23: =D23*239 | F23: 329 | G23: =F23*313
A24: 46302 | B24: 1230 | C24: =B24*152 | D24: 414.5 | E24: =D24*239 | F24: 328 | G24: =F24*313
A25: 46303 | B25: 1175.2 | C25: =B25*152 | D25: 409.35 | E25: =D25*239 | F25: 319.05 | G25: =F25*313
... A40: 46325 | B40: 1246 | C40: =B40*152 | D40: 389 | E40: =D40*239 | F40: 343.65 | G40: =F40*313

Sheet Sheet 4 - Dashboard
A1: STOCK PORTFOLIO DASHBOARD | J1: AUTOMATION & SOURCES
J2: Automation | K2: Daily price pull + formula update
A3: Latest Trading Date | C3: Portfolio Value | E3: 1-Day Change | G3: Change vs First Day | J3: Data provider | K3: Yahoo Finance / yfinance
A4: =INDEX('Sheet 1 - Tracker'!$A$2:$A$1000,COUNTA('Sheet 1 - Tracker'!$A$2:$A$1000)) | C4: =INDEX('Sheet 1 - Tracker'!$C$2:$C$1000,COUNTA('Sheet 1 - Tracker'!$A$2:$A$1000))+INDEX('Sheet 1 - Tracker'!$E$2:$E$1000,COUNTA('Sheet 1 - Tracker'!$A$2:$A$1000))+INDEX('Sheet 1 - Tracker'!$G$2:$G$1000,COUNTA('Sheet 1 - Tracker'!$A$2:$A$1000)) | E4: =IF(COUNTA('Sheet 1 - Tracker'!$A$2:$A$1000)<2,"",(INDEX('Sheet 1 - Tracker'!$C$2:$C$1000,COUNTA('Sheet 1 - Tracker'!$A$2:$A$1000))+INDEX('Sheet 1 - Tracker'!$E$2:$E$1000,COUNTA('Sheet 1 - Tracker'!$A$2:$A$1000))+INDEX('Sheet 1 - Tracker'!$G$2:$G$1000,COUNTA('Sheet 1 - Tracker'!$A$2:$A$1000)))-(INDEX('Sheet 1 - Tracker'!$C$2:$C$1000,COUNTA('Sheet 1 - Tracker'!$A$2:$A$1000)-1)+INDEX('Sheet 1 - Tracker'!$E$2:$E$1000,COUNTA('Sheet 1 - Tracker'!$A$2:$A$1000)-1)+INDEX('Sheet 1 - Tracker'!$G$2:$G$1000,COUNTA('Sheet 1 - Tracker'!$A$2:$A$1000)-1))) | G4: =IF(COUNTA('Sheet 1 - Tracker'!$A$2:$A$1000)<1,"",(INDEX('Sheet 1 - Tracker'!$C$2:$C$1000,COUNTA('Sheet 1 - Tracker'!$A$2:$A$1000))+INDEX('Sheet 1 - Tracker'!$E$2:$E$1000,COUNTA('Sheet 1 - Tracker'!$A$2:$A$1000))+INDEX('Sheet 1 - Tracker'!$G$2:$G$1000,COUNTA('Sheet 1 - Tracker'!$A$2:$A$1000)))-(INDEX('Sheet 1 - Tracker'!$C$2:$C$1000,1)+INDEX('Sheet 1 - Tracker'!$E$2:$E$1000,1)+INDEX('Sheet 1 - Tracker'!$G$2:$G$1000,1))) | J4: JSW | K4: https://finance.yahoo.com/quote/JSWSTEEL.NS/
J5: Coal India | K5: https://finance.yahoo.com/quote/COALINDIA.NS/
A6: Stock | B6: Latest Price | C6: Holding Value | D6: Weight % | E6: 1D Change | F6: 1D Change % | J6: Eternal | K6: https://finance.yahoo.com/quote/ETERNAL.NS/
A7: JSW Steel | B7: =INDEX('Sheet 1 - Tracker'!$B$2:$B$1000,COUNTA('Sheet 1 - Tracker'!$A$2:$A$1000)) | C7: =INDEX('Sheet 1 - Tracker'!$C$2:$C$1000,COUNTA('Sheet 1 - Tracker'!$A$2:$A$1000)) | D7: =C7/$C$10 | E7: =IF(COUNTA('Sheet 1 - Tracker'!$A$2:$A$1000)<2,"",INDEX('Sheet 1 - Tracker'!$C$2:$C$1000,COUNTA('Sheet 1 - Tracker'!$A$2:$A$1000))-INDEX('Sheet 1 - Tracker'!$C$2:$C$1000,COUNTA('Sheet 1 - Tracker'!$A$2:$A$1000)-1)) | F7: =IFERROR(E7/INDEX('Sheet 1 - Tracker'!$C$2:$C$1000,COUNTA('Sheet 1 - Tracker'!$A$2:$A$1000)-1),"") | J7: Quantities | K7: JSW 152 | Coal 239 | Eternal 313
A8: Coal India | B8: =INDEX('Sheet 1 - Tracker'!$D$2:$D$1000,COUNTA('Sheet 1 - Tracker'!$A$2:$A$1000)) | C8: =INDEX('Sheet 1 - Tracker'!$E$2:$E$1000,COUNTA('Sheet 1 - Tracker'!$A$2:$A$1000)) | D8: =C8/$C$10 | E8: =IF(COUNTA('Sheet 1 - Tracker'!$A$2:$A$1000)<2,"",INDEX('Sheet 1 - Tracker'!$E$2:$E$1000,COUNTA('Sheet 1 - Tracker'!$A$2:$A$1000))-INDEX('Sheet 1 - Tracker'!$E$2:$E$1000,COUNTA('Sheet 1 - Tracker'!$A$2:$A$1000)-1)) | F8: =IFERROR(E8/INDEX('Sheet 1 - Tracker'!$E$2:$E$1000,COUNTA('Sheet 1 - Tracker'!$A$2:$A$1000)-1),"") | J8: Price logic | K8: Latest common NSE trading day
A9: Eternal | B9: =INDEX('Sheet 1 - Tracker'!$F$2:$F$1000,COUNTA('Sheet 1 - Tracker'!$A$2:$A$1000)) | C9: =INDEX('Sheet 1 - Tracker'!$G$2:$G$1000,COUNTA('Sheet 1 - Tracker'!$A$2:$A$1000)) | D9: =C9/$C$10 | E9: =IF(COUNTA('Sheet 1 - Tracker'!$A$2:$A$1000)<2,"",INDEX('Sheet 1 - Tracker'!$G$2:$G$1000,COUNTA('Sheet 1 - Tracker'!$A$2:$A$1000))-INDEX('Sheet 1 - Tracker'!$G$2:$G$1000,COUNTA('Sheet 1 - Tracker'!$A$2:$A$1000)-1)) | F9: =IFERROR(E9/INDEX('Sheet 1 - Tracker'!$G$2:$G$1000,COUNTA('Sheet 1 - Tracker'!$A$2:$A$1000)-1),"")
A10: TOTAL | C10: =SUM(C7:C9) | D10: =SUM(D7:D9) | E10: =SUM(E7:E9) | F10: =E10/(INDEX('Sheet 1 - Tracker'!$C$2:$C$1000,COUNTA('Sheet 1 - Tracker'!$A$2:$A$1000)-1)+INDEX('Sheet 1 - Tracker'!$E$2:$E$1000,COUNTA('Sheet 1 - Tracker'!$A$2:$A$1000)-1)+INDEX('Sheet 1 - Tracker'!$G$2:$G$1000,COUNTA('Sheet 1 - Tracker'!$A$2:$A$1000)-1))
